"R2","SE","CI","CI_low","CI_high","Component","model"
0.285762467396945,0.00303567447592879,0.95,0.280308242165365,0.291510349705785,"conditional","ssfBrms"
0.181479231608363,0.00313674149239214,0.95,0.176532217925756,0.186615994199419,"marginal","ssfBrms"
0.316130391068324,0.00209309829203484,0.95,0.312062214066477,0.320091836542088,"conditional","areaBrms"
0.177550364588216,0.00494930583753324,0.95,0.168352140666089,0.189181770366485,"marginal","areaBrms"
0.300627688913156,0.00361349693123056,0.95,0.293895402770751,0.307955461274827,"conditional","poisBrms"
0.11191574500092,0.00340880654612227,0.95,0.104838188348653,0.11966092724514,"marginal","poisBrms"
0.141083446111314,0.00190519412067202,0.95,0.137224048240731,0.144693709000391,"conditional","twoStepBrms"
0.0474413381347327,0.0012774038378798,0.95,0.0449661579720135,0.0498762127042085,"marginal","twoStepBrms"
