"R2","SE","CI","CI_low","CI_high","Component","model"
0.283354495414854,0.00522352657495363,0.95,0.272848075694881,0.293180128827515,"conditional","ssfBrms"
0.186118128689786,0.0245158490744906,0.95,0.159894090760706,0.298365582797093,"marginal","ssfBrms"
0.12052365109669,0.00362922801496959,0.95,0.114233287291226,0.127591410223201,"conditional","areaBrms"
0.0687905934929277,0.0058079978489649,0.95,0.058987288515408,0.0951335390927744,"marginal","areaBrms"
0.82932596611202,0.000896081580241175,0.95,0.827536961037002,0.830858993488082,"conditional","poisBrms"
0.811137066826181,0.00697027705523179,0.95,0.781517109400257,0.818470690461957,"marginal","poisBrms"
0.0510000009863939,0.00288712889029771,0.95,0.0452112060425033,0.056513189413143,"conditional","twoStepBrms"
0.0297870022563157,0.00275488942506687,0.95,0.0246204306408482,0.0381081157410987,"marginal","twoStepBrms"
