"R2","SE","CI","CI_low","CI_high","Component","model"
0.346369993770471,0.00449835151706097,0.95,0.337846559926661,0.354652390071828,"conditional","ssfBrms"
0.260586868871436,0.0134186944140869,0.95,0.240473252703324,0.304027506611083,"marginal","ssfBrms"
0.501367879073046,0.00270561966972399,0.95,0.496247227744726,0.506875949075916,"conditional","areaBrms"
0.351878822166615,0.01655566593807,0.95,0.319304812925992,0.388173684248617,"marginal","areaBrms"
0.135699463621383,0.00329700541040375,0.95,0.129556945677563,0.14252138355495,"conditional","poisBrms"
0.118877335180043,0.00724652583505747,0.95,0.105510194815379,0.314866646342866,"marginal","poisBrms"
0.157766261176361,0.00336652297482103,0.95,0.151489733752188,0.164934345172601,"conditional","twoStepBrms"
0.0825650932111941,0.00567828004816247,0.95,0.0733449268806248,0.0978116171844423,"marginal","twoStepBrms"
