"R2","SE","CI","CI_low","CI_high","Component","model"
0.216967188478212,0.0110616943831794,0.95,0.196671598158459,0.239530840442249,"conditional","ssfBrms"
0.188009927018675,0.0309800689481287,0.95,0.140376828378636,0.369897274221558,"marginal","ssfBrms"
0.410049673473432,0.00699393130631573,0.95,0.396591481537924,0.423935939385628,"conditional","areaBrms"
0.221495815112305,0.0340975222601052,0.95,0.181592334632924,0.37335966442935,"marginal","areaBrms"
0.848382463876792,0.00166899246031714,0.95,0.844890757371119,0.851193178333218,"conditional","poisBrms"
0.841019534485721,0.0068585014766319,0.95,0.737875530056547,0.849448689598903,"marginal","poisBrms"
0.107991496479494,0.00804877370606823,0.95,0.0926416157811761,0.123480086228131,"conditional","twoStepBrms"
0.0668506403301989,0.00975700719381219,0.95,0.0461189723631382,0.17514558895241,"marginal","twoStepBrms"
