"R2","SE","CI","CI_low","CI_high","Component","model"
0.513418780447347,0.00569393738947561,0.95,0.502018387976592,0.524633393716059,"conditional","ssfBrms"
0.471937221198852,0.0128105613493526,0.95,0.444735250464567,0.496431753275036,"marginal","ssfBrms"
0.715589460402343,0.00256192288005825,0.95,0.711187277827758,0.719981912385417,"conditional","areaBrms"
0.167879871704462,0.180992780360321,0.95,0.0149914882739567,0.476442843462138,"marginal","areaBrms"
0.842006898194162,0.00197784203893202,0.95,0.838306090356376,0.84537100052153,"conditional","poisBrms"
0.811070571205232,0.00959740822765393,0.95,0.764350568565028,0.822118587440303,"marginal","poisBrms"
0.00453295942659821,0.00122732391670279,0.95,0.00222847159431919,0.00729349822373291,"conditional","twoStepBrms"
0.00434476904092011,0.00121841451884122,0.95,0.00197209834534725,0.0071455511570288,"marginal","twoStepBrms"
