"R2","SE","CI","CI_low","CI_high","Component","model"
0.589173323739579,0.0256701309917769,0.95,0.532417627620256,0.629099166623398,"conditional","ssfBrms"
0.508191949937433,0.0155956302144424,0.95,0.48982865087683,0.586916145801751,"marginal","ssfBrms"
0.325149572119776,0.0295570824043965,0.95,0.270501570664467,0.382294045240616,"conditional","areaBrms"
0.483291120765501,0.0666722371278951,0.95,0.258753434482983,0.54694241525737,"marginal","areaBrms"
0.943704826838651,0.00288706045107318,0.95,0.937168350672564,0.948316333821769,"conditional","poisBrms"
0.827564581795923,0.152324671287085,0.95,0.555833385740957,0.947550438868925,"marginal","poisBrms"
0.0268881818485782,0.0132688680402756,0.95,0.00365976229417602,0.056270768403763,"conditional","twoStepBrms"
0.149773709934757,0.166227823850323,0.95,0.0115324503417855,0.437260345902126,"marginal","twoStepBrms"
